reviewr_name,reviewr_id,reviewr_url,zenkoku_num,hakodate_num,rate
Nao Foodworks(61),naofoodworks,https://tabelog.com/rvwr/naofoodworks/,262,1,0.003816793893129771
立春大吉(1),00026854,https://tabelog.com/rvwr/00026854/,13,1,0.07692307692307693
しろつめくさ(9),shirotsumekusa,https://tabelog.com/rvwr/shirotsumekusa/,100,1,0.01
えせグルメ(仮)(7),004252881,https://tabelog.com/rvwr/004252881/,36,2,0.05555555555555555
shige(-。-)y-~(0),004238431,https://tabelog.com/rvwr/004238431/,18,4,0.2222222222222222
narik92(0),002879451,https://tabelog.com/rvwr/002879451/,7,4,0.5714285714285714
priva120(0),002386421,https://tabelog.com/rvwr/002386421/,37,1,0.02702702702702703
のんしゅん(301),001329390,https://tabelog.com/rvwr/001329390/,992,2,0.0020161290322580645
まゆはる(211),000151103,https://tabelog.com/rvwr/000151103/,1143,1,0.0008748906386701663
ミスターとむとむ(5),003751134,https://tabelog.com/rvwr/003751134/,126,2,0.015873015873015872
うよくのさかま(0),001421686,https://tabelog.com/rvwr/001421686/,6,1,0.16666666666666666
こだっく(128),000332006,https://tabelog.com/rvwr/000332006/,505,2,0.0039603960396039604
♪ユッチ♪(22),005122751,https://tabelog.com/rvwr/005122751/,113,1,0.008849557522123894
しょこたん0326(3),006496738,https://tabelog.com/rvwr/006496738/,26,2,0.07692307692307693
チーズナン男(6),011169492,https://tabelog.com/rvwr/011169492/,899,2,0.002224694104560623
青山 咲月(0),001168782,https://tabelog.com/rvwr/001168782/,56,1,0.017857142857142856
rumin(0),000085489,https://tabelog.com/rvwr/000085489/,6,1,0.16666666666666666
ヒロぶ～(0),00024863,https://tabelog.com/rvwr/00024863/,9,2,0.2222222222222222
ＭＡＣ（まっく）(0),00015058,https://tabelog.com/rvwr/00015058/,21,1,0.047619047619047616
ken12321(0),003741296,https://tabelog.com/rvwr/003741296/,68,1,0.014705882352941176
むすめっこ(0),001668843,https://tabelog.com/rvwr/001668843/,51,26,0.5098039215686274
北の国の白雪姫(5),000812675,https://tabelog.com/rvwr/000812675/,64,1,0.015625
neginegi__(2),011333870,https://tabelog.com/rvwr/011333870/,90,1,0.011111111111111112
そーー(2),002827650,https://tabelog.com/rvwr/002827650/,520,42,0.08076923076923077
しんいち日暮里(8),002311686,https://tabelog.com/rvwr/002311686/,1010,1,0.0009900990099009901
shinkiba(17),001614827,https://tabelog.com/rvwr/001614827/,1024,11,0.0107421875
ブアイソウ(0),003420095,https://tabelog.com/rvwr/003420095/,23,1,0.043478260869565216
novinovi(206),000714818,https://tabelog.com/rvwr/000714818/,960,1,0.0010416666666666667
yellow0218(0),001952870,https://tabelog.com/rvwr/001952870/,148,1,0.006756756756756757
hideyuki212(7),002710714,https://tabelog.com/rvwr/002710714/,646,15,0.02321981424148607
おにく食べたい。(1),011184100,https://tabelog.com/rvwr/011184100/,19,1,0.05263157894736842
jukies(0),003190658,https://tabelog.com/rvwr/003190658/,24,3,0.125
桃源郷店主(0),000572435,https://tabelog.com/rvwr/000572435/,11,3,0.2727272727272727
nobu6611(1),000198423,https://tabelog.com/rvwr/000198423/,682,2,0.002932551319648094
**Pualani**(0),000106999,https://tabelog.com/rvwr/000106999/,6,1,0.16666666666666666
ふるるるーん(0),003654648,https://tabelog.com/rvwr/003654648/,10,1,0.1
てつむ~(0),003266353,https://tabelog.com/rvwr/003266353/,8,8,1.0
しーしょー(0),000347620,https://tabelog.com/rvwr/000347620/,1,1,1.0
つかピー37330(0),011718895,https://tabelog.com/rvwr/011718895/,4,1,0.25
momohnt46(0),010477848,https://tabelog.com/rvwr/010477848/,1,1,1.0
m.p.h(0),006390078,https://tabelog.com/rvwr/006390078/,46,36,0.782608695652174
名無しee(0),011693124,https://tabelog.com/rvwr/011693124/,1,1,1.0
ジャイロツェッペリ(19),001061000,https://tabelog.com/rvwr/001061000/,35,1,0.02857142857142857
takop55(0),003852998,https://tabelog.com/rvwr/003852998/,182,2,0.01098901098901099
doraちゃん(0),006516981,https://tabelog.com/rvwr/006516981/,16,1,0.0625
higekobito(28),003900336,https://tabelog.com/rvwr/003900336/,32,1,0.03125
kanam357(0),001684174,https://tabelog.com/rvwr/001684174/,86,1,0.011627906976744186
早瀬1038(4),002284572,https://tabelog.com/rvwr/002284572/,505,1,0.0019801980198019802
iccyo-san(72),003627144,https://tabelog.com/rvwr/003627144/,1651,24,0.014536644457904301
ちびら(66),004128367,https://tabelog.com/rvwr/004128367/,54,2,0.037037037037037035
北都太郎(0),001486352,https://tabelog.com/rvwr/001486352/,2,1,0.5
ラーメンマンにくにく(1),012045687,https://tabelog.com/rvwr/012045687/,173,1,0.005780346820809248
umaimono-daisuki(887),1888,https://tabelog.com/rvwr/1888/,1208,1,0.0008278145695364238
7070JAZZ(2323),001642699,https://tabelog.com/rvwr/001642699/,1147,1,0.0008718395815170009
ジャイアン21(1119),000781693,https://tabelog.com/rvwr/000781693/,328,1,0.003048780487804878
港区男児(33),007156594,https://tabelog.com/rvwr/007156594/,549,2,0.0036429872495446266
MBDogX(2),001315102,https://tabelog.com/rvwr/001315102/,30,1,0.03333333333333333
pei.k(388),003029056,https://tabelog.com/rvwr/003029056/,1405,2,0.0014234875444839859
BQグルメ王(1338),000332647,https://tabelog.com/rvwr/000332647/,752,2,0.0026595744680851063
fb4f9(243),003477750,https://tabelog.com/rvwr/003477750/,473,2,0.004228329809725159
daliarose(85),003010341,https://tabelog.com/rvwr/003010341/,427,2,0.00468384074941452
HIRO55(17),000180296,https://tabelog.com/rvwr/000180296/,85,1,0.011764705882352941
乳酸菌不足の水銀党員(58),001670383,https://tabelog.com/rvwr/001670383/,147,1,0.006802721088435374
モミアゲジャンプ(1),001182787,https://tabelog.com/rvwr/001182787/,11,1,0.09090909090909091
383838(13),000156418,https://tabelog.com/rvwr/000156418/,118,2,0.01694915254237288
とんとんねこ(269),000150177,https://tabelog.com/rvwr/000150177/,523,1,0.0019120458891013384
オヤーマン(3),004135894,https://tabelog.com/rvwr/004135894/,165,1,0.006060606060606061
カズ兄 ♫(2064),001249780,https://tabelog.com/rvwr/001249780/,1863,1,0.0005367686527106817
echose00(66),003832137,https://tabelog.com/rvwr/003832137/,316,1,0.0031645569620253164
カラーのりだ(1432),002240409,https://tabelog.com/rvwr/002240409/,1095,1,0.0009132420091324201
cocohal3(112),011536929,https://tabelog.com/rvwr/011536929/,284,1,0.0035211267605633804
白髪林(9),008230624,https://tabelog.com/rvwr/008230624/,33,3,0.09090909090909091
コビン・ケスナー(1355),000409992,https://tabelog.com/rvwr/000409992/,1759,1,0.0005685048322910744
hiradi(1),004260149,https://tabelog.com/rvwr/004260149/,206,1,0.0048543689320388345
みきてぃ～ぬ(111),003837667,https://tabelog.com/rvwr/003837667/,182,1,0.005494505494505495
Dr_massy(18),001377126,https://tabelog.com/rvwr/001377126/,390,1,0.002564102564102564
OTARUNOHIKARI(325),000967685,https://tabelog.com/rvwr/000967685/,645,1,0.0015503875968992248
Litta(3),002304502,https://tabelog.com/rvwr/002304502/,19,1,0.05263157894736842
pocchari-(9),002178322,https://tabelog.com/rvwr/002178322/,34,1,0.029411764705882353
モンペリエ(7),000601132,https://tabelog.com/rvwr/000601132/,9,1,0.1111111111111111
travelblog(112),001947429,https://tabelog.com/rvwr/001947429/,115,1,0.008695652173913044
manuka(5),000158008,https://tabelog.com/rvwr/000158008/,46,1,0.021739130434782608
米粉(0),000483254,https://tabelog.com/rvwr/000483254/,58,1,0.017241379310344827
あおぞらごはん(1),001341795aozora,https://tabelog.com/rvwr/001341795aozora/,89,1,0.011235955056179775
七福神になりたい♡(692),002220790,https://tabelog.com/rvwr/002220790/,603,1,0.001658374792703151
とらお(゜∀ ゜)(1),000252645,https://tabelog.com/rvwr/000252645/,6,1,0.16666666666666666
こまち嬢(7),001844586,https://tabelog.com/rvwr/001844586/,152,1,0.006578947368421052
KON@2(13),kon,https://tabelog.com/rvwr/kon/,477,1,0.0020964360587002098
尾上松之助(526),000379633,https://tabelog.com/rvwr/000379633/,2136,1,0.00046816479400749064
kakizjoyu(5),009498908,https://tabelog.com/rvwr/009498908/,30,1,0.03333333333333333
彷徨う末端人(2),samayoumattanjin,https://tabelog.com/rvwr/samayoumattanjin/,28,1,0.03571428571428571
ともとも0817(54),002479029,https://tabelog.com/rvwr/002479029/,82,1,0.012195121951219513
たけくん1968(0),003171385,https://tabelog.com/rvwr/003171385/,80,1,0.0125
osomatsukun(1),001036149,https://tabelog.com/rvwr/001036149/,25,2,0.08
B級マニア(18),bqmania,https://tabelog.com/rvwr/bqmania/,126,1,0.007936507936507936
Dr.KEM(8),drkem,https://tabelog.com/rvwr/drkem/,58,2,0.034482758620689655
FOOD-E(145),00006357,https://tabelog.com/rvwr/00006357/,142,2,0.014084507042253521
saifai52(0),003429709,https://tabelog.com/rvwr/003429709/,13,3,0.23076923076923078
Danny0119(0),017423804,https://tabelog.com/rvwr/017423804/,7,1,0.14285714285714285
mazamazamw(7),007549424,https://tabelog.com/rvwr/007549424/,24,1,0.041666666666666664
nnnnag(1),002933200,https://tabelog.com/rvwr/002933200/,264,4,0.015151515151515152
anedad(0),007776591,https://tabelog.com/rvwr/007776591/,65,1,0.015384615384615385
yuuuuu101(455),001028564,https://tabelog.com/rvwr/001028564/,251,1,0.00398406374501992
ばっちゃん411(2),007618120,https://tabelog.com/rvwr/007618120/,101,2,0.019801980198019802
ちゃんやま0116(0),004938413,https://tabelog.com/rvwr/004938413/,26,1,0.038461538461538464
gratefuldead.gabor(3),000679437,https://tabelog.com/rvwr/000679437/,277,3,0.010830324909747292
ふくとも11703108(0),012860922,https://tabelog.com/rvwr/012860922/,289,1,0.0034602076124567475
ばいくとめし(0),018629330,https://tabelog.com/rvwr/018629330/,121,1,0.008264462809917356
ミーザンプラス(13),miseenplace,https://tabelog.com/rvwr/miseenplace/,1699,8,0.004708652148322542
まめたろ♀(8),016405485,https://tabelog.com/rvwr/016405485/,203,1,0.0049261083743842365
kenta257227(0),009814482,https://tabelog.com/rvwr/009814482/,32,1,0.03125
こにそう(0),012063111,https://tabelog.com/rvwr/012063111/,22,1,0.045454545454545456
mm.11577(0),005444888,https://tabelog.com/rvwr/005444888/,378,1,0.0026455026455026454
yosin779(6),001905030,https://tabelog.com/rvwr/001905030/,246,1,0.0040650406504065045
nao5424(0),011309093,https://tabelog.com/rvwr/011309093/,2,1,0.5
真123(11),006658005,https://tabelog.com/rvwr/006658005/,1257,11,0.008750994431185362
tnbski(109),001823751,https://tabelog.com/rvwr/001823751/,290,1,0.0034482758620689655
yakyu880(0),004162837,https://tabelog.com/rvwr/004162837/,182,3,0.016483516483516484
吉竜(0),000528783,https://tabelog.com/rvwr/000528783/,14,1,0.07142857142857142
ふぁいや～(6),00028210,https://tabelog.com/rvwr/00028210/,241,3,0.012448132780082987
しろぷりあん(4),010573672,https://tabelog.com/rvwr/010573672/,46,2,0.043478260869565216
mmmaa922(4),008645031,https://tabelog.com/rvwr/008645031/,71,1,0.014084507042253521
おかにゅー(0),003675494,https://tabelog.com/rvwr/003675494/,1,1,1.0
johan509(0),002375855,https://tabelog.com/rvwr/002375855/,124,1,0.008064516129032258
ET3(18),003634072,https://tabelog.com/rvwr/003634072/,144,1,0.006944444444444444
ryua2016(0),005020239,https://tabelog.com/rvwr/005020239/,164,2,0.012195121951219513
sea-e87(0),001307660,https://tabelog.com/rvwr/001307660/,483,1,0.002070393374741201
shuhei1229(0),001946272,https://tabelog.com/rvwr/001946272/,108,1,0.009259259259259259
DJryo(0),006932472,https://tabelog.com/rvwr/006932472/,5,1,0.2
のぶにぃさん(2),001395924,https://tabelog.com/rvwr/001395924/,27,1,0.037037037037037035
モリンドル(2),002796847,https://tabelog.com/rvwr/002796847/,50,1,0.02
Crasher johnny(64),002420278,https://tabelog.com/rvwr/002420278/,117,1,0.008547008547008548
silverlining_(56),002714872,https://tabelog.com/rvwr/002714872/,568,3,0.00528169014084507
nob1984(0),007084883,https://tabelog.com/rvwr/007084883/,36,2,0.05555555555555555
buri2(0),001219436,https://tabelog.com/rvwr/001219436/,25,1,0.04
Violeta(1),005262783,https://tabelog.com/rvwr/005262783/,50,1,0.02
食人&変人(0),008607361,https://tabelog.com/rvwr/008607361/,74,1,0.013513513513513514
Kanaizu(25),014527918,https://tabelog.com/rvwr/014527918/,124,1,0.008064516129032258
左手はそえるだけ(16),000279239,https://tabelog.com/rvwr/000279239/,158,2,0.012658227848101266
katsu644(0),004591229,https://tabelog.com/rvwr/004591229/,96,1,0.010416666666666666
ノブキム(6),001564502,https://tabelog.com/rvwr/001564502/,9,1,0.1111111111111111
y.oyazi.1002(0),006400097,https://tabelog.com/rvwr/006400097/,18,2,0.1111111111111111
KintaMan777(4),004316723,https://tabelog.com/rvwr/004316723/,337,2,0.005934718100890208
simzy(434),001314595,https://tabelog.com/rvwr/001314595/,1650,2,0.0012121212121212121
nonorun(0),003221729,https://tabelog.com/rvwr/003221729/,23,1,0.043478260869565216
sunday bon(8),002582725,https://tabelog.com/rvwr/002582725/,25,1,0.04
Aile13(0),003814720,https://tabelog.com/rvwr/003814720/,1,1,1.0
nishiko7ko(3),003233984,https://tabelog.com/rvwr/003233984/,369,1,0.0027100271002710027
oripp(0),002738702,https://tabelog.com/rvwr/002738702/,10,1,0.1
ばぁ子(1),002708462,https://tabelog.com/rvwr/002708462/,18,1,0.05555555555555555
yuukaman(0),yuukaman,https://tabelog.com/rvwr/yuukaman/,6,1,0.16666666666666666
ケニー@SAPP‿RO(4),001615641,https://tabelog.com/rvwr/001615641/,144,3,0.020833333333333332
ようたろうグルメ(20),019430889,https://tabelog.com/rvwr/019430889/,195,1,0.005128205128205128
Angelite(77),000068549,https://tabelog.com/rvwr/000068549/,263,1,0.0038022813688212928
junk00(3),000074304,https://tabelog.com/rvwr/000074304/,23,2,0.08695652173913043
ラーメン深夜３時(9),ramenshinya3zi,https://tabelog.com/rvwr/ramenshinya3zi/,65,1,0.015384615384615385
蝶形骨翼状突起(15),000063835,https://tabelog.com/rvwr/000063835/,119,2,0.01680672268907563
吟遊詩人の森(12),00018965,https://tabelog.com/rvwr/00018965/,118,1,0.00847457627118644
ピカタン(0),pikarest,https://tabelog.com/rvwr/pikarest/,6,1,0.16666666666666666
2000year(15),00045795,https://tabelog.com/rvwr/00045795/,275,1,0.0036363636363636364
ぷちタロー(0),00013841,https://tabelog.com/rvwr/00013841/,11,1,0.09090909090909091
フミ＠大阪(68),studio23,https://tabelog.com/rvwr/studio23/,175,1,0.005714285714285714
miyu0713(411),002939432,https://tabelog.com/rvwr/002939432/,842,1,0.0011876484560570072
kyoka_117(17),006183772,https://tabelog.com/rvwr/006183772/,1048,2,0.0019083969465648854
アール05(0),010339743,https://tabelog.com/rvwr/010339743/,26,1,0.038461538461538464
miyas539(0),008527778,https://tabelog.com/rvwr/008527778/,20,1,0.05
moi_l(2),003780926,https://tabelog.com/rvwr/003780926/,685,4,0.00583941605839416
withahava(6),002577180,https://tabelog.com/rvwr/002577180/,58,1,0.017241379310344827
sciji(0),002802046,https://tabelog.com/rvwr/002802046/,16,3,0.1875
まっち610(1),004125792,https://tabelog.com/rvwr/004125792/,42,2,0.047619047619047616
hirotan72(0),004084979,https://tabelog.com/rvwr/004084979/,4,2,0.5
まだむえふ(3),001094943,https://tabelog.com/rvwr/001094943/,15,2,0.13333333333333333
NACK5(0),002027328,https://tabelog.com/rvwr/002027328/,261,1,0.0038314176245210726
なっっちん(0),002742005,https://tabelog.com/rvwr/002742005/,243,1,0.00411522633744856
メケラッチョ(0),003586174,https://tabelog.com/rvwr/003586174/,12,1,0.08333333333333333
-ds3-(1),ds3,https://tabelog.com/rvwr/ds3/,24,1,0.041666666666666664
tnb(0),tnb,https://tabelog.com/rvwr/tnb/,140,2,0.014285714285714285
ひざいたい(0),001174202,https://tabelog.com/rvwr/001174202/,97,1,0.010309278350515464
みさき4254(0),006548017,https://tabelog.com/rvwr/006548017/,6,3,0.5
ごんぞう55(7),000170958,https://tabelog.com/rvwr/000170958/,57,2,0.03508771929824561
フ～テンの神さま(1),002608060,https://tabelog.com/rvwr/002608060/,148,6,0.04054054054054054
元祖シティボーイ(25),000393730,https://tabelog.com/rvwr/000393730/,159,1,0.006289308176100629
ynaka479(4),007624010,https://tabelog.com/rvwr/007624010/,27,2,0.07407407407407407
palantir_1028(0),005990090,https://tabelog.com/rvwr/005990090/,1,1,1.0
yuu88738(0),019672110,https://tabelog.com/rvwr/019672110/,1,1,1.0
ex102(0),007627595,https://tabelog.com/rvwr/007627595/,17,1,0.058823529411764705
りえU^ェ^U(2),002791711,https://tabelog.com/rvwr/002791711/,49,15,0.30612244897959184
w9f89(0),010373259,https://tabelog.com/rvwr/010373259/,1,1,1.0
しおさくら(1137),shiosakura,https://tabelog.com/rvwr/shiosakura/,357,1,0.0028011204481792717
kumakun183(15),003513575,https://tabelog.com/rvwr/003513575/,61,1,0.01639344262295082
黒須　道哉(14),000099927,https://tabelog.com/rvwr/000099927/,68,1,0.014705882352941176
kksad(1),003672731,https://tabelog.com/rvwr/003672731/,13,2,0.15384615384615385
hanamaririn(0),006935326,https://tabelog.com/rvwr/006935326/,20,1,0.05
くりきんとん。(0),006183324,https://tabelog.com/rvwr/006183324/,389,1,0.002570694087403599
jajaj689(0),009896499,https://tabelog.com/rvwr/009896499/,6,1,0.16666666666666666
292230(1),001822931,https://tabelog.com/rvwr/001822931/,170,2,0.011764705882352941
ゆん.(0),005352528,https://tabelog.com/rvwr/005352528/,20,1,0.05
lilyco422(0),004967787,https://tabelog.com/rvwr/004967787/,7,1,0.14285714285714285
answer7(0),007865786,https://tabelog.com/rvwr/007865786/,28,1,0.03571428571428571
skcinema(0),006200057,https://tabelog.com/rvwr/006200057/,6,1,0.16666666666666666
coco86(0),006565847,https://tabelog.com/rvwr/006565847/,154,1,0.006493506493506494
hatch0117(0),011866586,https://tabelog.com/rvwr/011866586/,7,1,0.14285714285714285
はなふぃ(0),009631513,https://tabelog.com/rvwr/009631513/,14,1,0.07142857142857142
とようにぞー(9),006001016,https://tabelog.com/rvwr/006001016/,86,1,0.011627906976744186
ふじふじおばさん(2),010531483,https://tabelog.com/rvwr/010531483/,17,1,0.058823529411764705
chifumi25(1),004530940,https://tabelog.com/rvwr/004530940/,108,1,0.009259259259259259
まゆにぃ(136),003242856,https://tabelog.com/rvwr/003242856/,635,2,0.0031496062992125984
azujp(0),006894587,https://tabelog.com/rvwr/006894587/,2,1,0.5
asumit(0),003672382,https://tabelog.com/rvwr/003672382/,157,2,0.012738853503184714
金霧島(5),001397062,https://tabelog.com/rvwr/001397062/,36,2,0.05555555555555555
GTJ(2),002208409,https://tabelog.com/rvwr/002208409/,213,3,0.014084507042253521
ボンソワール(2),004828591,https://tabelog.com/rvwr/004828591/,61,1,0.01639344262295082
sekiy1840525(0),011859868,https://tabelog.com/rvwr/011859868/,60,2,0.03333333333333333
Hikari1578(0),012788234,https://tabelog.com/rvwr/012788234/,2,2,1.0
のんべいまっつ(7),000924592,https://tabelog.com/rvwr/000924592/,66,1,0.015151515151515152
やまびこなお(8),009590652,https://tabelog.com/rvwr/009590652/,124,1,0.008064516129032258
xoxo.19901116(0),003450215,https://tabelog.com/rvwr/003450215/,1,1,1.0
fight286(0),005134123,https://tabelog.com/rvwr/005134123/,16,8,0.5
ちゃみ家(11),001324507,https://tabelog.com/rvwr/001324507/,144,1,0.006944444444444444
dc69db(0),014531231,https://tabelog.com/rvwr/014531231/,2,1,0.5
つちのこゆい(0),003639834,https://tabelog.com/rvwr/003639834/,5,1,0.2
Masayuki07(0),002897367,https://tabelog.com/rvwr/002897367/,335,2,0.005970149253731343
食通のヨッシー(13),000450176,https://tabelog.com/rvwr/000450176/,151,1,0.006622516556291391
Juniee(5),junieeshopee,https://tabelog.com/rvwr/junieeshopee/,55,1,0.01818181818181818
ゆり子27(0),002301685,https://tabelog.com/rvwr/002301685/,6,1,0.16666666666666666
taku/23(1),003432625,https://tabelog.com/rvwr/003432625/,5,1,0.2
nabeho(2),002416144,https://tabelog.com/rvwr/002416144/,8,7,0.875
ブルック２８(1),000606622,https://tabelog.com/rvwr/000606622/,10,2,0.2
masamatu(3),000304267,https://tabelog.com/rvwr/000304267/,42,2,0.047619047619047616
ガオジェン(13),000228325,https://tabelog.com/rvwr/000228325/,146,1,0.00684931506849315
kazunori(0),kazunori,https://tabelog.com/rvwr/kazunori/,34,1,0.029411764705882353
司祭(15),000200222,https://tabelog.com/rvwr/000200222/,274,1,0.0036496350364963502
らくだ丸(690),rakuda54,https://tabelog.com/rvwr/rakuda54/,1235,1,0.0008097165991902834
不要(74),003562186,https://tabelog.com/rvwr/003562186/,207,1,0.004830917874396135
過客(13),000699991,https://tabelog.com/rvwr/000699991/,237,1,0.004219409282700422
食コン(1785),001508326,https://tabelog.com/rvwr/001508326/,1978,3,0.0015166835187057635
２匹のシーサー(1),ttccttcc,https://tabelog.com/rvwr/ttccttcc/,9,2,0.2222222222222222
まさき77(0),000220913,https://tabelog.com/rvwr/000220913/,46,1,0.021739130434782608
まぴまぴ7(3),00048693,https://tabelog.com/rvwr/00048693/,41,3,0.07317073170731707
Mountaineer2355(19),001223659,https://tabelog.com/rvwr/001223659/,104,1,0.009615384615384616
yokokun0117(12),004246242,https://tabelog.com/rvwr/004246242/,141,1,0.0070921985815602835
Kenny （記録用アカウント)(3),004185129,https://tabelog.com/rvwr/004185129/,162,15,0.09259259259259259
たかか691(4),010369035,https://tabelog.com/rvwr/010369035/,337,1,0.002967359050445104
bande756(0),009963986,https://tabelog.com/rvwr/009963986/,2,1,0.5
gatay175(5),007331788,https://tabelog.com/rvwr/007331788/,504,2,0.003968253968253968
エムジェイ7(0),000483563,https://tabelog.com/rvwr/000483563/,110,1,0.00909090909090909
urd708(1),urd708,https://tabelog.com/rvwr/urd708/,225,6,0.02666666666666667
ogland(25),004095777,https://tabelog.com/rvwr/004095777/,463,1,0.0021598272138228943
Kiyotomana(33),001357778,https://tabelog.com/rvwr/001357778/,44,1,0.022727272727272728
hkyk1723(0),003584447,https://tabelog.com/rvwr/003584447/,2,1,0.5
アサコロ(18),asakoro55,https://tabelog.com/rvwr/asakoro55/,204,1,0.004901960784313725
妙延寺(0),000517575,https://tabelog.com/rvwr/000517575/,1,1,1.0
ノビカズ(21),nobikazu,https://tabelog.com/rvwr/nobikazu/,401,1,0.0024937655860349127
Konekone^_^(3),002946930,https://tabelog.com/rvwr/002946930/,86,2,0.023255813953488372
h0311(1),003986361,https://tabelog.com/rvwr/003986361/,5,1,0.2
Ichiros(0),000714091,https://tabelog.com/rvwr/000714091/,405,3,0.007407407407407408
km-13626(1),002633283,https://tabelog.com/rvwr/002633283/,419,1,0.002386634844868735
やま562(0),003188587,https://tabelog.com/rvwr/003188587/,21,1,0.047619047619047616
ゆりかず04(0),005516046,https://tabelog.com/rvwr/005516046/,1,1,1.0
shovo(0),010438395,https://tabelog.com/rvwr/010438395/,100,1,0.01
@トミー(0),006624837,https://tabelog.com/rvwr/006624837/,19,2,0.10526315789473684
うちのたましりませんか(0),002954428,https://tabelog.com/rvwr/002954428/,7,1,0.14285714285714285
夢雫(1),000108705,https://tabelog.com/rvwr/000108705/,26,1,0.038461538461538464
あじしらべ(17),000747670,https://tabelog.com/rvwr/000747670/,55,3,0.05454545454545454
tac(39),000061561,https://tabelog.com/rvwr/000061561/,175,1,0.005714285714285714
tsumiki-m(49),tsumiki,https://tabelog.com/rvwr/tsumiki/,341,1,0.002932551319648094
lee_imac(0),003825389,https://tabelog.com/rvwr/003825389/,639,2,0.003129890453834116
どん亀(3),000136522,https://tabelog.com/rvwr/000136522/,159,3,0.018867924528301886
埴輪愛好会会長(0),000139663,https://tabelog.com/rvwr/000139663/,5,1,0.2
ノブヒロ＠上野(68),00023925,https://tabelog.com/rvwr/00023925/,488,1,0.0020491803278688526
ミルミル55(0),000885898,https://tabelog.com/rvwr/000885898/,18,1,0.05555555555555555
shino.ling.ling(1),shannon4u,https://tabelog.com/rvwr/shannon4u/,800,1,0.00125
t.sus796(0),001197705,https://tabelog.com/rvwr/001197705/,12,1,0.08333333333333333
KAZU13110(0),007109715,https://tabelog.com/rvwr/007109715/,38,2,0.05263157894736842
にげみず(4),nigenige,https://tabelog.com/rvwr/nigenige/,184,1,0.005434782608695652
食べ五郎(7),tabegorou,https://tabelog.com/rvwr/tabegorou/,97,1,0.010309278350515464
ことりゆう(2),000692801,https://tabelog.com/rvwr/000692801/,20,1,0.05
ezofk(0),011986267,https://tabelog.com/rvwr/011986267/,7,1,0.14285714285714285
マィゴォーン(3),001390411,https://tabelog.com/rvwr/001390411/,63,2,0.031746031746031744
ソフトクリーム８８(0),000593817,https://tabelog.com/rvwr/000593817/,14,1,0.07142857142857142
bequite(0),000221675,https://tabelog.com/rvwr/000221675/,13,1,0.07692307692307693
Karei.ccc(2),001327150,https://tabelog.com/rvwr/001327150/,91,1,0.01098901098901099
とど旦那(10),002442998,https://tabelog.com/rvwr/002442998/,287,2,0.006968641114982578
はいあら(1),002840221,https://tabelog.com/rvwr/002840221/,44,2,0.045454545454545456
ロベルトバッチォ(170),001809734,https://tabelog.com/rvwr/001809734/,147,1,0.006802721088435374
珍然(3),001235671,https://tabelog.com/rvwr/001235671/,36,1,0.027777777777777776
Cazzdayo(1),001457236,https://tabelog.com/rvwr/001457236/,195,1,0.005128205128205128
CoCoco(10),011382714,https://tabelog.com/rvwr/011382714/,216,1,0.004629629629629629
食べすぎるMonna Lisa(0),011848693,https://tabelog.com/rvwr/011848693/,8,1,0.125
yoshifuru79(0),003713709,https://tabelog.com/rvwr/003713709/,139,4,0.02877697841726619
rockman708(0),003162110,https://tabelog.com/rvwr/003162110/,227,1,0.004405286343612335
ぢる☆(65),000856462,https://tabelog.com/rvwr/000856462/,711,3,0.004219409282700422
EK９(0),000124319,https://tabelog.com/rvwr/000124319/,181,1,0.0055248618784530384
ご馳走さまでした。(0),001473981,https://tabelog.com/rvwr/001473981/,17,1,0.058823529411764705
maxぴーち(0),008551416,https://tabelog.com/rvwr/008551416/,1,1,1.0
Platinum5500(0),011396383,https://tabelog.com/rvwr/011396383/,22,1,0.045454545454545456
babi-27(0),005561875,https://tabelog.com/rvwr/005561875/,166,1,0.006024096385542169
hiro2468(0),003809186,https://tabelog.com/rvwr/003809186/,40,1,0.025
komeya713(2),006082574,https://tabelog.com/rvwr/006082574/,48,1,0.020833333333333332
adap(648),000292462,https://tabelog.com/rvwr/000292462/,552,1,0.0018115942028985507
マックス・ケー(20),000369262,https://tabelog.com/rvwr/000369262/,148,1,0.006756756756756757
ＨＡＪＩＭＥ(57),000154664,https://tabelog.com/rvwr/000154664/,351,1,0.002849002849002849
まおっちまおっち(100),011769762,https://tabelog.com/rvwr/011769762/,354,1,0.002824858757062147
MWK385(743),001672394,https://tabelog.com/rvwr/001672394/,632,1,0.0015822784810126582
numbe182(8),006919500,https://tabelog.com/rvwr/006919500/,79,1,0.012658227848101266
Zabilio(82),zabilio,https://tabelog.com/rvwr/zabilio/,641,1,0.0015600624024961
旅人スナふきん(96),003919355,https://tabelog.com/rvwr/003919355/,177,1,0.005649717514124294
プチベールん(11),putiveil,https://tabelog.com/rvwr/putiveil/,65,2,0.03076923076923077
カレーパソマソ(3),000354436,https://tabelog.com/rvwr/000354436/,42,1,0.023809523809523808
ぬB(433),00005054,https://tabelog.com/rvwr/00005054/,1588,1,0.0006297229219143577
もの食うチンチラ(2),011833909,https://tabelog.com/rvwr/011833909/,18,1,0.05555555555555555
チョコまり(21),000252393,https://tabelog.com/rvwr/000252393/,262,1,0.003816793893129771
Deen(12),000087585,https://tabelog.com/rvwr/000087585/,23,1,0.043478260869565216
kitu621(3),007411533,https://tabelog.com/rvwr/007411533/,62,1,0.016129032258064516
みーちゃん0922(0),004970067,https://tabelog.com/rvwr/004970067/,44,1,0.022727272727272728
nifun(35),nifun,https://tabelog.com/rvwr/nifun/,937,2,0.0021344717182497333
たくたくーた(0),012050119,https://tabelog.com/rvwr/012050119/,1,1,1.0
kona1(0),003506597,https://tabelog.com/rvwr/003506597/,213,3,0.014084507042253521
Matoka(49),002463737,https://tabelog.com/rvwr/002463737/,812,1,0.0012315270935960591
n_fukuyan(1),006615721,https://tabelog.com/rvwr/006615721/,37,1,0.02702702702702703
andyc1337(0),003274877,https://tabelog.com/rvwr/003274877/,111,5,0.04504504504504504
Mr.高橋(0),006091939,https://tabelog.com/rvwr/006091939/,99,1,0.010101010101010102
ひとりデブ活旅日誌(1),1debukatsu,https://tabelog.com/rvwr/1debukatsu/,82,1,0.012195121951219513
cpiof2(2),000520864,https://tabelog.com/rvwr/000520864/,468,1,0.002136752136752137
asai(2),000105625,https://tabelog.com/rvwr/000105625/,187,1,0.0053475935828877
しんにくまん(4),001144579,https://tabelog.com/rvwr/001144579/,57,1,0.017543859649122806
aokum201115(1),002065487,https://tabelog.com/rvwr/002065487/,568,13,0.022887323943661973
ひでMARU(0),007882234,https://tabelog.com/rvwr/007882234/,10,1,0.1
ひで20160616(0),009641268,https://tabelog.com/rvwr/009641268/,6,1,0.16666666666666666
kac-31(5),004919437,https://tabelog.com/rvwr/004919437/,192,4,0.020833333333333332
まつ犬(2),001135378,https://tabelog.com/rvwr/001135378/,941,9,0.009564293304994687
みちのくっ子(89),000083234,https://tabelog.com/rvwr/000083234/,3394,9,0.0026517383618149676
Vomi1(0),003633935,https://tabelog.com/rvwr/003633935/,1,1,1.0
Totoro_Papa(1414),001623133,https://tabelog.com/rvwr/001623133/,829,1,0.0012062726176115801
itsukoh(9),000295732,https://tabelog.com/rvwr/000295732/,186,2,0.010752688172043012
qozy(0),000147353,https://tabelog.com/rvwr/000147353/,17,1,0.058823529411764705
tokpin(5),003679776,https://tabelog.com/rvwr/003679776/,265,1,0.0037735849056603774
rymo(1),000894744,https://tabelog.com/rvwr/000894744/,116,1,0.008620689655172414
009です(7),000778351,https://tabelog.com/rvwr/000778351/,505,1,0.0019801980198019802
aaa96809(2),007299781,https://tabelog.com/rvwr/007299781/,134,1,0.007462686567164179
伊田実(5),008129290,https://tabelog.com/rvwr/008129290/,52,2,0.038461538461538464
たぬきのちんちゃん(1),001630501,https://tabelog.com/rvwr/001630501/,324,1,0.0030864197530864196
麹町のわさび(6),001317034,https://tabelog.com/rvwr/001317034/,117,1,0.008547008547008548
kinak820(0),006399687,https://tabelog.com/rvwr/006399687/,146,2,0.0136986301369863
GoodDish(1),008742049,https://tabelog.com/rvwr/008742049/,21,1,0.047619047619047616
ふろたけ(3),005731207,https://tabelog.com/rvwr/005731207/,105,1,0.009523809523809525
麺と米が好き(313),008504339,https://tabelog.com/rvwr/008504339/,2504,1,0.00039936102236421724
marimoy(2),001839597,https://tabelog.com/rvwr/001839597/,19,1,0.05263157894736842
ちぬ子(9),000058838,https://tabelog.com/rvwr/000058838/,90,2,0.022222222222222223
りりん(6),000172090,https://tabelog.com/rvwr/000172090/,36,1,0.027777777777777776
mandrake2014(31),002092973,https://tabelog.com/rvwr/002092973/,1068,2,0.0018726591760299626
papam329(3),002213708,https://tabelog.com/rvwr/002213708/,16,1,0.0625
kanakas(399),001143266,https://tabelog.com/rvwr/001143266/,3496,1,0.0002860411899313501
corosuke1219(2076),002546368,https://tabelog.com/rvwr/002546368/,2016,2,0.000992063492063492
ゆみゆさん(0),007552253,https://tabelog.com/rvwr/007552253/,3,3,1.0
ソウルライ(0),006380093,https://tabelog.com/rvwr/006380093/,1,1,1.0
komedarian(389),002166197,https://tabelog.com/rvwr/002166197/,1449,2,0.0013802622498274672
レスちゃん(25),000154340,https://tabelog.com/rvwr/000154340/,124,1,0.008064516129032258
6093(1),001837115,https://tabelog.com/rvwr/001837115/,11,2,0.18181818181818182
たまみん２５２５(27),001716928,https://tabelog.com/rvwr/001716928/,336,1,0.002976190476190476
けんたろ1910(1),017779326,https://tabelog.com/rvwr/017779326/,24,1,0.041666666666666664
ソミ0201(1),003859623,https://tabelog.com/rvwr/003859623/,17,1,0.058823529411764705
パイプエース、(4),004036866,https://tabelog.com/rvwr/004036866/,157,1,0.006369426751592357
はまはまっち(0),001848645,https://tabelog.com/rvwr/001848645/,38,1,0.02631578947368421
けん　１(48),000167662,https://tabelog.com/rvwr/000167662/,106,1,0.009433962264150943
Dining_Philosopher(0),000156021,https://tabelog.com/rvwr/000156021/,13,1,0.07692307692307693
けっちー(5),001590416,https://tabelog.com/rvwr/001590416/,41,1,0.024390243902439025
タンnan(71),001153307,https://tabelog.com/rvwr/001153307/,159,5,0.031446540880503145
NO-YAN(6),000226498,https://tabelog.com/rvwr/000226498/,198,3,0.015151515151515152
和さかな(295),000336584,https://tabelog.com/rvwr/000336584/,989,28,0.028311425682507583
xiao(15),000058499,https://tabelog.com/rvwr/000058499/,172,2,0.011627906976744186
yasu3154(0),004519268,https://tabelog.com/rvwr/004519268/,79,1,0.012658227848101266
ミッキー角田(24),000244764,https://tabelog.com/rvwr/000244764/,99,1,0.010101010101010102
okapyon(696),000355753,https://tabelog.com/rvwr/000355753/,4185,4,0.0009557945041816009
マッキー牧元(14134),mackeymakimoto,https://tabelog.com/rvwr/mackeymakimoto/,3928,22,0.00560081466395112
take_noririn(8),011302367,https://tabelog.com/rvwr/011302367/,105,1,0.009523809523809525
道産子らいだー(0),011066859,https://tabelog.com/rvwr/011066859/,3,1,0.3333333333333333
うまうまカレー(19),004395745,https://tabelog.com/rvwr/004395745/,42,1,0.023809523809523808
ssk07(1),004141059,https://tabelog.com/rvwr/004141059/,259,1,0.003861003861003861
k02b4143014(0),009677632,https://tabelog.com/rvwr/009677632/,11,2,0.18181818181818182
moonquake1124(0),002160467,https://tabelog.com/rvwr/002160467/,47,2,0.0425531914893617
たあぼう1164(1),003019402,https://tabelog.com/rvwr/003019402/,39,2,0.05128205128205128
kzking8(13),002411848,https://tabelog.com/rvwr/002411848/,238,1,0.004201680672268907
YS6778(5),001078313,https://tabelog.com/rvwr/001078313/,377,4,0.010610079575596816
gogo7138(1),001792252,https://tabelog.com/rvwr/001792252/,626,3,0.004792332268370607
アラフィリップス(0),001524819,https://tabelog.com/rvwr/001524819/,134,9,0.06716417910447761
